﻿<?xml version="1.0"?>
<doc>
<assembly>
<name>
DataGreen
</name>
</assembly>
<members>
<member name="T:DataGreen.My.Resources.Resources">
<summary>
  Clase de recurso fuertemente tipado, para buscar cadenas traducidas, etc.
</summary>
</member>
<member name="P:DataGreen.My.Resources.Resources.ResourceManager">
<summary>
  Devuelve la instancia de ResourceManager almacenada en caché utilizada por esta clase.
</summary>
</member>
<member name="P:DataGreen.My.Resources.Resources.Culture">
<summary>
  Reemplaza la propiedad CurrentUICulture del subproceso actual para todas las
  búsquedas de recursos mediante esta clase de recurso fuertemente tipado.
</summary>
</member>
<member name="P:DataGreen.My.Resources.Resources.Alerta">
<summary>
  Busca un recurso adaptado de tipo System.IO.UnmanagedMemoryStream similar a System.IO.MemoryStream.
</summary>
</member>
<member name="P:DataGreen.My.Resources.Resources.Confirmacion">
<summary>
  Busca un recurso adaptado de tipo System.IO.UnmanagedMemoryStream similar a System.IO.MemoryStream.
</summary>
</member>
<member name="P:DataGreen.My.Resources.Resources.isotipo">
<summary>
  Busca un recurso adaptado de tipo System.Drawing.Bitmap.
</summary>
</member>
<member name="P:DataGreen.My.Resources.Resources.LogoLogin">
<summary>
  Busca un recurso adaptado de tipo System.Drawing.Bitmap.
</summary>
</member>
<member name="P:DataGreen.My.Resources.Resources.Notificacion">
<summary>
  Busca un recurso adaptado de tipo System.IO.UnmanagedMemoryStream similar a System.IO.MemoryStream.
</summary>
</member>
<member name="T:DataGreen.ds_Dg_Reportes">
<summary>
Represents a strongly typed in-memory cache of data.
</summary>
</member>
<member name="T:DataGreen.ds_Dg_Reportes.sp_Dg_Exportaciones_Reportes_PackingList_T2DataTable">
<summary>
Represents the strongly named DataTable class.
</summary>
</member>
<member name="T:DataGreen.ds_Dg_Reportes.sp_Dg_Exportaciones_Reportes_PackingList_T3DataTable">
<summary>
Represents the strongly named DataTable class.
</summary>
</member>
<member name="T:DataGreen.ds_Dg_Reportes.sp_Dg_Exportaciones_Reportes_PackingList_T4DataTable">
<summary>
Represents the strongly named DataTable class.
</summary>
</member>
<member name="T:DataGreen.ds_Dg_Reportes.sp_Dg_Exportaciones_Reportes_PackingList_T1DataTable">
<summary>
Represents the strongly named DataTable class.
</summary>
</member>
<member name="T:DataGreen.ds_Dg_Reportes.sp_Dg_Presupuestos_Reportes_Control_PorFundoDataTable">
<summary>
Represents the strongly named DataTable class.
</summary>
</member>
<member name="T:DataGreen.ds_Dg_Reportes.sp_Dg_Logistica_Movimientos_GenerarPedidoServicios_ConsolidadoDataTable">
<summary>
Represents the strongly named DataTable class.
</summary>
</member>
<member name="T:DataGreen.ds_Dg_Reportes.sp_Dg_Logistica_Movimientos_GenerarPedidoServicios_Consolidado_MarcasDataTable">
<summary>
Represents the strongly named DataTable class.
</summary>
</member>
<member name="T:DataGreen.ds_Dg_Reportes.sp_Dg_Exportaciones_Reportes_PackingList_T2Row">
<summary>
Represents strongly named DataRow class.
</summary>
</member>
<member name="T:DataGreen.ds_Dg_Reportes.sp_Dg_Exportaciones_Reportes_PackingList_T3Row">
<summary>
Represents strongly named DataRow class.
</summary>
</member>
<member name="T:DataGreen.ds_Dg_Reportes.sp_Dg_Exportaciones_Reportes_PackingList_T4Row">
<summary>
Represents strongly named DataRow class.
</summary>
</member>
<member name="T:DataGreen.ds_Dg_Reportes.sp_Dg_Exportaciones_Reportes_PackingList_T1Row">
<summary>
Represents strongly named DataRow class.
</summary>
</member>
<member name="T:DataGreen.ds_Dg_Reportes.sp_Dg_Presupuestos_Reportes_Control_PorFundoRow">
<summary>
Represents strongly named DataRow class.
</summary>
</member>
<member name="T:DataGreen.ds_Dg_Reportes.sp_Dg_Logistica_Movimientos_GenerarPedidoServicios_ConsolidadoRow">
<summary>
Represents strongly named DataRow class.
</summary>
</member>
<member name="T:DataGreen.ds_Dg_Reportes.sp_Dg_Logistica_Movimientos_GenerarPedidoServicios_Consolidado_MarcasRow">
<summary>
Represents strongly named DataRow class.
</summary>
</member>
<member name="T:DataGreen.ds_Dg_Reportes.sp_Dg_Exportaciones_Reportes_PackingList_T2RowChangeEvent">
<summary>
Row event argument class
</summary>
</member>
<member name="T:DataGreen.ds_Dg_Reportes.sp_Dg_Exportaciones_Reportes_PackingList_T3RowChangeEvent">
<summary>
Row event argument class
</summary>
</member>
<member name="T:DataGreen.ds_Dg_Reportes.sp_Dg_Exportaciones_Reportes_PackingList_T4RowChangeEvent">
<summary>
Row event argument class
</summary>
</member>
<member name="T:DataGreen.ds_Dg_Reportes.sp_Dg_Exportaciones_Reportes_PackingList_T1RowChangeEvent">
<summary>
Row event argument class
</summary>
</member>
<member name="T:DataGreen.ds_Dg_Reportes.sp_Dg_Presupuestos_Reportes_Control_PorFundoRowChangeEvent">
<summary>
Row event argument class
</summary>
</member>
<member name="T:DataGreen.ds_Dg_Reportes.sp_Dg_Logistica_Movimientos_GenerarPedidoServicios_ConsolidadoRowChangeEvent">
<summary>
Row event argument class
</summary>
</member>
<member name="T:DataGreen.ds_Dg_Reportes.sp_Dg_Logistica_Movimientos_GenerarPedidoServicios_Consolidado_MarcasRowChangeEvent">
<summary>
Row event argument class
</summary>
</member>
<member name="T:DataGreen.ds_Dg_ReportesTableAdapters.sp_Dg_Exportaciones_Reportes_PackingList_T2TableAdapter">
<summary>
Represents the connection and commands used to retrieve and save data.
</summary>
</member>
<member name="T:DataGreen.ds_Dg_ReportesTableAdapters.sp_Dg_Exportaciones_Reportes_PackingList_T3TableAdapter">
<summary>
Represents the connection and commands used to retrieve and save data.
</summary>
</member>
<member name="T:DataGreen.ds_Dg_ReportesTableAdapters.sp_Dg_Exportaciones_Reportes_PackingList_T4TableAdapter">
<summary>
Represents the connection and commands used to retrieve and save data.
</summary>
</member>
<member name="T:DataGreen.ds_Dg_ReportesTableAdapters.sp_Dg_Exportaciones_Reportes_PackingList_T1TableAdapter">
<summary>
Represents the connection and commands used to retrieve and save data.
</summary>
</member>
<member name="T:DataGreen.ds_Dg_ReportesTableAdapters.sp_Dg_Presupuestos_Reportes_Control_PorFundoTableAdapter">
<summary>
Represents the connection and commands used to retrieve and save data.
</summary>
</member>
<member name="T:DataGreen.ds_Dg_ReportesTableAdapters.sp_Dg_Logistica_Movimientos_GenerarPedidoServicios_ConsolidadoTableAdapter">
<summary>
Represents the connection and commands used to retrieve and save data.
</summary>
</member>
<member name="T:DataGreen.ds_Dg_ReportesTableAdapters.sp_Dg_Logistica_Movimientos_GenerarPedidoServicios_Consolidado_MarcasTableAdapter">
<summary>
Represents the connection and commands used to retrieve and save data.
</summary>
</member>
<member name="T:DataGreen.ds_Dg_ReportesTableAdapters.TableAdapterManager">
<summary>
TableAdapterManager is used to coordinate TableAdapters in the dataset to enable Hierarchical Update scenarios
</summary>
</member>
<member name="M:DataGreen.ds_Dg_ReportesTableAdapters.TableAdapterManager.UpdateUpdatedRows(DataGreen.ds_Dg_Reportes,System.Collections.Generic.List{System.Data.DataRow},System.Collections.Generic.List{System.Data.DataRow})">
<summary>
Update rows in top-down order.
</summary>
</member>
<member name="M:DataGreen.ds_Dg_ReportesTableAdapters.TableAdapterManager.UpdateInsertedRows(DataGreen.ds_Dg_Reportes,System.Collections.Generic.List{System.Data.DataRow})">
<summary>
Insert rows in top-down order.
</summary>
</member>
<member name="M:DataGreen.ds_Dg_ReportesTableAdapters.TableAdapterManager.UpdateDeletedRows(DataGreen.ds_Dg_Reportes,System.Collections.Generic.List{System.Data.DataRow})">
<summary>
Delete rows in bottom-up order.
</summary>
</member>
<member name="M:DataGreen.ds_Dg_ReportesTableAdapters.TableAdapterManager.GetRealUpdatedRows(System.Data.DataRow[],System.Collections.Generic.List{System.Data.DataRow})">
<summary>
Remove inserted rows that become updated rows after calling TableAdapter.Update(inserted rows) first
</summary>
</member>
<member name="M:DataGreen.ds_Dg_ReportesTableAdapters.TableAdapterManager.UpdateAll(DataGreen.ds_Dg_Reportes)">
<summary>
Update all changes to the dataset.
</summary>
</member>
<member name="T:DataGreen.ds_Dg_ReportesTableAdapters.TableAdapterManager.UpdateOrderOption">
<summary>
Update Order Option
</summary>
</member>
<member name="T:DataGreen.ds_Dg_ReportesTableAdapters.TableAdapterManager.SelfReferenceComparer">
<summary>
Used to sort self-referenced table's rows
</summary>
</member>
</members>
</doc>
